,data
406,Alright let me get right with God bc Mother Nature is like fuck humans URL
408,#Hillary and @ least 16 other #AngryDemocrats #WorldWarQ #WWG1WGA #MAGA #RedTsunami #AmericaFirst #WalkAway #Truth URL
413,#Antifa is recruiting for a designated #terrorist organization URL
414,#Hypocrites #DemocratsHateAmerica #LiberalismIsAMentalDisorder EVERYTHING LIBERALS TOUCH TURNS TO ABSOLUTE SHIT... URL
420,@USER @USER As I have said the media and money Soros with dip shit Waters is creating a civil war.
422,#Texas Ted Cruz campaign is sending people solicitations disguised as official looking county summons. Elderly residents have been confused by the notice to appear. He is so skeezy.    URL
426,1 tf. He saw that shit. URL
428,Anyone who finds M*neta's behavior funny can fuck off and die
429,#GoodMorningAmerica  #TuesdayMotivation #Thankyou #FatherGod the #Americanpeople will begin to see the #truth about our #governmentcorruption @USER @USER @USER #mediaCorruption #NoRedaction #DeclassifyFISA #Declassification completely #Obama #HillaryClinton #Lies #Leakers #liberals URL
432,"@USER The difference between you and I as I stated before, and this inane asinine comment have solidified is I bring facts and truth, while all you have is lies and bullshit. Present a single shred of credible evidence to support a single thing you've just said. Lies is all you've got."
433,@USER Damn I felt this shit. Why you so loud lol
437,#MSNBC #Hardball @USER Bingo you are absolutely correct he cannot bring President Obama down. He canâ€™t get over how President Obama humiliated him at the White House correspondents dinner and I can guarantee you that is a definite driver of his hate for President Obama
439,#CnnIsFakeNews @USER @USER you wonder why your ratings suck... #cnnisajoke #FakeNews #MAGA URL
443,$b album definitely worth the fucking wait
444,"3 days before BBC Radio 2â€™s Festival in a Day, they decide to tell us that their headline act isnâ€™t coming anymore. Thanks a lot, now Iâ€™ve paid a fortune to see a tonne of acts who are shit and who are of no interest to me ğŸ˜‘ğŸ‘ğŸ»"
445,"#JoeScarborough is a vile excuse for a journalist"". Here he is criticizing #Trump yet refuses to come clean about the death of an intern in his office. Stop talking about everyone else and start talking about YOUR INVOLVEMENT WITH #LORIKLAUSUTIS. @USER"
446,@USER HIS FANS ARE HAPPY. HE SPREADS LOVE AND BECAUSE OF HIM I LEARNED TO APPRECIATE AND SUPPORT THE LGBTQ. I LOVE HIM  BECAUSE HE NEVER FAILED TO MAKE ME HAPPY. I LOVE HIM BECAUSE HE IS HARRY STYLES AND HARRY STYLES IS THE BEST.
447,Ainâ€™t nobody shit if you ask me... including myself.
448,"#POWER #LESSONS  - There are certain testimonies that comes then rest comes and the strength of the wicked is removed. - When there is major vacuum in your life whether you are aware of it or not, its attracting the mockery.   #SEPTEMBER TO #REMEMBER #DAY2 URL"
449,@USER - so long Jamule.
450,"#MISSING: Imelda Algiers was last seen at about 3 p.m. Sunday.  She is about 5â€™04â€ tall, weighs about 110 pounds, and has white hair. It is unknown what Imelda was wearing. Imelda is diagnosed with Alzheimerâ€™s Disease.  #WestBend URL"
451,#MyUniqueHeritage I Get My Irish From My Dad Side Of the Family Since my Last Name is Irish Cause Iâ€™m Very Proud Of Being Irishâ˜˜ï¸ğŸ’š URL
452,"#Travel #Movies and Unix #Fortune combined  Visit #Salisbury, see the sights, but wherever you go there you are, the same old you, why not travel as an international spy? Find yourself at the centre of a vast international conspiracy when you return home.   Recall Recall Recall."
453,#SaveShadowhunters #MalecForever Read Mansikka's latest cause she is awesome. URL
454,@USER $$$ well spent...panthers..Douch
455,"The Dregs of Society""... more LABELINGand DEHUMANIZING Conservatives.I suggest,WE, Conservatives keep OUR ammo dry and OUR guns loaded..If the Fascist Liberal Left THINK Conservatives WILL go quietly into internment camps or slaughtered in the streets they NEED a REALITY check. URL"
456,#SonntagsfrÃ¼hstÃ¼ck in #Deutschland! #ğŸ‡©ğŸ‡ª Hand Drawn World teapots are the perfect addition to any breakfast table...#â˜•ï¸ ğŸğŸ¥’No matter where in the world you are! ğŸ™ƒâœï¸ğŸŒğŸ’™ URL
457,#4theManyNotthefew we need a country that recognises everyone in society not pick the few and sod the rest like @USER Austeritity was only for the Working Class the very people you need to rely on the rich got richer off the backs of the poor DONT let the tories carry on
458,@USER Killary how does stricter gun control work. Looking at Chicago which has some of the strictest gun control laws in the country seems to have problems with shootings nearly everyday. Please explain that!
459,"#Brexit is dead. Not because the other EU states won't cooperate, but because the Conservatives have no viable plan to keep it alive. We must have a new vote to carry on playing a central role in the EU, or be buried with Brexit. URL"
460,#Feinstein you cant say anything truthful.  You are a loers and liar. URL
461,#BoycottLeviStrauss Levi Strauss took a public stance against the Second Amendment and singled out pro-2A customers.  Read more about Levi's anti-gun initiatives here: URL URL
462,#LifeIsButepu when you have sex anytime you want but you are single
463,#WFMMC A very talented team because you are such a prestigious project. An excellent project to promote big market projects. #WFMMC #IcO #Ekolong #Sripuptruzman
464,#Celebrations are off in #Germany for the #Germans ..  Yeah kind of expected this to happen across the western world over #SecurityFears  #MAGA #MEGA #MBGA #MCGA #Conservatives #Patriots URL
465,"#Clinton #Monsantoâ˜ ï¸#Bayer #BigPharma #Roundup #glyphosate #GMOs  '... in an age where progressives demand full transparency on all the issues that matter to them most â€” immigration, gay marriage, gun control and so on â€” Hillary ... on the wrong side....'URL"
466,"#6, Sheriff Wayne Ivey. CSPOA? - Yes, it seems he's in as well. URL"
467,"#CCOT is one of the leading conservative hashtags. Get your tweet read, add #CCOT! Christian Conservatives On Twitter #Christians #Conservatives #Libertarians #Evangelicals #Catholics #Charismatics #Nondenominatinal #SpiritFilled #tlot #tcot #Hannity  #TeaParty #MAGA #TrumpTrain URL"
468,#Nigeria #Naija #9ja 'You are the most incompetent leader in Nigeriaâ€™s history' â€“ Atiku blasts Buhari URL By championnewsng Via URL
469,#nowplaying Death Cab For Cutie / You Are A Tourist / Codes And Keys [@USER â™«  URL
470,"#Emmys  Well, most of those ex-crackheads are liberals and Democrats; so ..."
471,"#Conservatives Are #Outraged"" Because #TheyKnowNothing, Especially About @USER URL"
472,@USER this girl is so talented and she is my best friend because you and Ethan brought us together. Please notice this talent. @USER @USER @USER  pleaseğŸ’œğŸ§¡ğŸ’œğŸ§¡ğŸ’œğŸ§¡ğŸ’œğŸ§¡ğŸ’œğŸ§¡ğŸ’œğŸ§¡ğŸ’œğŸ§¡ğŸ’œğŸ§¡ URL
473,9/9/2018 7:00 PM Temp 65.4  Dew Pt 51.1 Barometer 29.997 inches Rain 0.00 Wind 1.8 mph Hi 69.0 at 2:35 PM Low 59.8 at 7:20 AM
474,"#Conservatives VOTE VOTE VOTE, TAKE TWO FRIENDS TO POLLS to MIDTERMS in Nov. #NoComplacencyâ€¼ï¸â€¼ï¸ URL"
475,@USER #Diversity only works when those joining the new group want to be a part of the team.   #Islam hates every non-Muslim   #Fail  #Unicorns
476,@USER [Being set down makes her realize how much taller he is. Again. She can't reach.]  Kissss her.
477,"...if you want more shootings and more death, then listen to the ACLU, Black Lives Matter, or Antifa. If you want public safety, then listen to the police professionals who have been studying this for 35 years."" -AG Jeff Sessions  URL"
478,// SO WANT TO KICK TWITTERFUCK ASS.
479,#MenfessWGLCA To: @USER You are the dremiest dream come true that ever was. From: Me
480,"#FailedDemFeinstein should have quit decades ago. She is a disgrace.  Feinstein blames GOP after Kavanaugh accuser stays mum, admits 'I can't say everything's truthful'  URL"
481,#CheeringTheChutiyapa just because she is a woman.....LOL URL
482,"@USER @USER @USER @USER @USER @USER Really? The GOP hasn't even seen the letter yet. This sham is as subtle as a banana on a pool table and you won't, cant, see it. DiFi throws a hail Mary @ the 13th hour,  and you cry foul. At elast Ford won't have antifa coming to burn her house down. Dems are going down, hard."
483,@USER @USER @USER Fascism was also against liberals as is Antifa according to your meme.
484,#RIPMacMiller you are loved. ğŸ’š URL
485,#creagboy running around McDonald's urgently telling other kids that he is NOT from the future.
486,#EnglishPashto Though I'm not pakhtoon  English : He is a cute kid Pashto: Da marra khasta bacha dey
487,"#JPNA2 @USER @USER vasay, Ahmed butt, Sohail sahab what a performance, loved the movie to the core, 1st #PMJG now #JPNA2 Humayun is our Shaan now, Fahad you are grace, class pakistan cinema in safe hands"
488,@USER fuck
489,".@USER Why keep going back to the well with Charlottesville?  You realize there were good people there and bad people there, on both sides.  ANTIFA caused quite a bit of violence and damage too.  There were people there just watching, people there against statues removed"
490,#Cancers 'rising around the world' URL @USER @USER
491,". a grown ass woman, probably 10 years older than me is currently spreading rumors rather than talking to me about it, nice work you got there satan â¤ï¸"
492,@USER Someone knows how to dress! He is rocking those shoes as well.
493,#Antifa #Philly: Keystone United Exposed Part 2: Robert and Melissa Gaus URL
494,#Conservatives donâ€™t care what you post..itâ€™s @USER propaganda.. URL
495,#IDIOTS Is there nothing beneath them? Lol. What fools Liberals are! #MAGA #KAG ğŸ‡ºğŸ‡¸ğŸ‡ºğŸ‡¸ğŸ‡ºğŸ‡¸ğŸ‡ºğŸ‡¸ğŸ‡ºğŸ‡¸ URL
496,#SHE!ğŸŒ¿ #MOSADI!ğŸŒ¿ #SHE can discern her season #SHE is a wise builder #SHE is a team player #SHE is full of fire and full of the Holy spirit Thanks to @USER and Dr Chantal for such an inspiring eventğŸ’ Thank you @USER ğŸ’ URL
497,@USER #Impeach #Maxine #Waters. The tide flows both ways.
498,#PiperThePup sends her love to everyone who might be affected by the unwelcome #HurricaneFlorence this week. She is looking forward to trying some @USER (or at least the crust) when she gets to Delaware. URL
499,#DISARMTHEM  #ANTIFA   GOOD LUCK SWEETHEARTS URL
500,"#AGJeffSessions: â€œListen To The ACLU, Antifa, Black Lives Matterâ€™ If You Want More Chicago Shootings!!â€ @USER @USER  #2AShallNotBeInfringed  Thank You @USER  URL via @USER"
501,2/ Did all the Democrats just give in to a vocal minority and become Socialists? I think not. I think most are in shock at what they see are confused by their own Party's Official rhetoric that is at odds with what hey see and experience. The Antifa thugs and the true violence...
502,@USER The kindest explanation is that he is tone-deaf.  It's hard to feel kind when he and his ilk do this repeatedly.
503,"#AmazonPets Etta can be tricky to photograph because of her colouring, but she is BEAUTIFUL and she knows it. She is in charge, has first dibs on treats, and will shout for our attention whenever she comes in the house. She kills wild rabbits but hangs out in the hutch with ours. URL"
504,#Germany: What happens when you try to intimidate the wrong guy!  #MAGA  URL
505,#SugarDaddy Retweet if you are under 30 and would like share memes with each other and we can talk about dumb shit. Cuz baby Iâ€™m broke as shit but this love rich URL
506,@USER Sam's being sam ...she is resting now it's adorable
507,#GeoffreyOwens niggas donâ€™t really understand...levels to career pursuits
508,"#FridayNightFun!!   With Halloween events starting in just a week, we of course have to find out what events you are looking forward to most this year.   Obviously, this isn't all of them. There are SO many out there now. URL"
509,"...what about death _metal_? I want more death METAL... Tell me, you hateful Keebler Elf, WHERE CAN I HAVE MORE DEATH METAL???? URL"
510,#SayNoToShiaSunniFight On the day of judgment you will not be asked whether you are Shia or Sunni. You will just asked what were your deeds.
511,"#Kavanaugh is a disciple of Anthony Kennedy, who ğŸed liberals w/3 unconstitutional opinions! He's Trump's con to con conservatives to ğŸ¤”ing #SCOTUS is moving right! Were @USER smart, they'd do everything to get BK the ğŸ. But they won't! Idiots! #TuesdayThoughts URL"
512,#America  ... tear down that #Wall! URL #tcot #partisanship #Trump #thewall #Borderwall #liberty #civilsociety #think #Conservatives #Democrats #Progressives #liberals #Independent #libertarians #GOP #DNC #CriticalThinking
513,"#1A #2A   This makes 7 times its been pulled down, @USER , @USER  8th time I've posted it. You pull it down,  I'll repost.  Eric Holder on gun control.  URL"
514,"$2,000 iPhone â€” gulp. Tech Reporter Josh McConnell breaks down the features and price points of Appleâ€™s new line URL @USER URL"
515,Am I a dickhead ???? Probably yes
516,"#Trump #MAGA| @USER @USER on #ElizabethSmart captorâ€™s early release: â€œThat time when she was in the mental hospital, unfortunately, is nearly six years that she is getting credit for, which really is bringing her out of the system much earlier.â€ URL"
517,"#SpiderManPS4 is everything I expected so far. Gameplay is fun and the suits to gadgets is pretty unique to use. It feels like playin a mixture of the Batman Arkham and Uncharted series, Spidey beats both of them. Cant wait to keep playing more of it, thx again @USER !"
518,#Conservatives You cannot ride this one outâ€¼ï¸ğŸ‡ºğŸ‡¸#VoteRed2018 #VoteAmericaFirst #VoteDemsOut #AmericaFirst ğŸ‡ºğŸ‡¸ URL
519,#Conservatives #JoinUKIP #VoteUKIP 2018. This is where we are now! URL
520,7E91EB04 :Battle ID I need backup! Lvl 75 Celeste Omega URL
521,#Conservatives don't value gender equality. They value the way (they think) things have always been. They quote the #Bible to support men's dominion over women. That's why many #Republicans are justifying #Kavanaugh's rape of a 17 year old as normal male behavior.
522,60% of the worldâ€™s population will live in #cities by 2030. Finding solutions to help people move freely and sustainably should be a global priority. #electricscooters have a key role to play. #ClimateAction #Airquality #Mobility.  Read our study: URL
523,@USER She is beyond famous. She is Lalisa Manoban ğŸ˜ URL
524,"#SukhDuaSamaj_ThePrayingHands Saint Dr. MSG Insan renamed eunuchsâ€™ society with a respectable name i.e. SukhDua Samaj and connected them to the mainstream society by providing them equal opportunity for education, employment and status as third gender URL"
525,@USER Obvious why he is doing it quietly
526,(cr1tikal voice) smef my ass cheeks
527,#jiyoonfact  She is a huge fan of Beyonce and she wants to sing as well as her. She sang If I Were a Boy predebut.
528,#Investment #Leadership #Preparation thx @USER for sharing yr #InfrastructureReportCard  and guidance at  @USER URL #MAGA or watch it rust away... URL
529,"#Colorado: Boy, 13, Arrested, Cuffed and Dragged From School Over â€”wait for itâ€” #MeToo allegations from feminist classmates   URL #teens #feminism #parenting #kids #ccot #MAGA #homeschool"
530,#GreatestThingsAboutThe90s Liberals loved @USER
531,@USER 'cause everyone knows a real leader falls into a van like a sack of potatoes.....
532,"#MarketingTips #ListBuilding I'm going to show you how to build your own private, online 'traffic economy' so you are never short of prospects and sales again URL URL"
533,"#BoycottNike campaign must continue and grow  Paying overseas staff $0.20 an hour is not okay because your staff is over there"".   You are exploiting poor women/men in the world.  This is more than Americans can stand. URL"
534,"#Conservatives Poison Everything They Touch"" URL #tories #conservative #labour #labourparty #libdems #ukip #snp #gop #uk #america #canada #europe #politics #ukpolitics #cdnpoli #pnpcbc #auspol #polcan #socialchange #eupol #uspoli  URL"
535,"#Preach #BadCompany Donâ€™t you know that you are a shooting star, donâ€™t you know ğŸµğŸŒŸ URL"
536,@USER I somewhat know how thats like. Some of my best friends stopped talking to me over a gun control issue -_-
537,#bb20 I say lets flip it and have a gitls alliance! Jc out then Tyler since he thinks he is the mastermind! Th@USER Ultimate blindside! Three girls in the final three and Kaycee for the win!
538,#Believe When you have a fat belly then you are insulin resistant and can remedy it without medicine by fasting... info is here URL URL
539,#nowplaying March of the Antifa - Sickboy - Shake Hands With a Clenched Fist URL
540,#Conservatives #DWP â€™s secret benefit deaths reviews: Investigations into deaths double in two years. #crimesofDWP  URL via @USER
541,"#EmmyAwards2018 let the liberals pat themselves on the back, pushing socialism while making millions pretending to be REAL hard working people on TV shows."
542,@USER #DuckDuckGo!!F Google!
543,#California Pushing 8 New #Gun Control #Laws â€“ The Legal Brief ~ VIDEO! URL (via @USER )
544,"*ICYMI* This is the reason Fascists have been desperately trying to find Anti Fascists in Tennessee. *This is what they don't want you to see* Including all League Of The South Members"" organizing groups etc. SHARE WIDELY URL"
545,"#Art #Culture BoJack Horseman Recap: The Apology Tour: Episodes of BoJack Horseman have taken on social issues before. Last season's gun control episode stands out as a shining example, and the show has always had the ability.. via URL URL"
546,"#As I watch the #Kavanaugh #shenanigans unfold in DC, Iâ€™m reminded of one simple truth: these people donâ€™t care about us. The all-inclusive us. They donâ€™t care about conservatives or progressives, people of color or otherwise, Christians, women, LGBTQ, none of us. (Thread)"
547,#Charlottesvile speech #Trump should've given. URL #tcot #cville #Conservatives #CharlottesvilleKKK #Liberty #GOP
548,#Conservatives left #frustrated as #Congress passes big spending bills...  #tcot URL
549,"#NEWS Jeff Sessions: If you want more death, 'listen to the ACLU, Antifa, Black Lives Matter'"" URL #CNBC"""
550,@USER She is better than you.
551,#HappyBdayPMModi One may hate him. But u should agree that he is the most hard working PM India has ever witnessed.ğŸ˜Š URL
552,"#RobertPoeti wants an explanation"" why the Auditor General of #Quebec is conflicted in this #AMF investigation! Perhaps he can't read and can't follow the trail of evidence that proves she is conflicted URL #sad. #CORRUPTION, #NathalieGDrouin, #PENNYSTOCKS"""
553,"#Rimmy4antifa @USER is calling for the death to the Bourgeoisie, a good man @USER  @USER"
554,#David #Miliband #DavidMiliband flew away  in #NewYork to be with the #US #Liberals #Democrats - had to flee #Corbynists hatred of Jews
555,Anyway this game sucks :)
556,"Do not take someone's silence as his pride, perhaps he is busy fighting with his self"". ~ Ali-Ibn-Abitalib (R.A) ğŸ’œ"""
557,#Nintendo #AnimalCrossing #SmashBrosUltimate  a little late... But she is just so adorable! I do love Isabelle URL
558,"#NowPlaying Kierra Kiki"" Sheard - You Are on URL"
559,#ibelieveblaseyford is liar she is fat ugly libreal #snowflake she sold her  herself to get some cash !! From dems and Iran  ! Why she spoke after  #JohnKerryIranMeeting ?
560,#CharityTuesday  Join with us as we take from the Disabled and Women over the age of 60 #votetory @USER @USER @USER @USER #r4today URL
561,#MAGA   Dems are using false allegation of Kavanaugh sexual assault as a bargaining chip against the release of classified docs by President Trump.
562,@USER I've been watching it....She is on our TEAM now. She has some insight into this President that's for sure.
563,@USER #NFL (Not For Long) ğŸ˜€ URL
564,#LIDC01f18 i believe Julieanna Godard is a leader because of her work in many digitally driven industries. She is a leader because she has established a network of creatives as a team while influencing and promoting the businesses of many young entrepreneurs as well. @USER
565,#2A #ArT #1A #KAG #MAGA #PATRiOT OUR ALFA WARiOR LiON ROARiNG iN WH! #SUPER #HERO #TRUMP  WE #VOTE â¤ï¸ RED 2BE MOST ViKTORiUS WARiOR EVER DEFEATiNG OUR ENEMY W/iN! #Liars #LiberaLs #PoLiTicians #nWo #Congress  NOW OUR US Gov iN DEEP UNiTY W/ DjT45 BY WE GUTSY GT iNTeL PpL US URL
566,#Conservatives do NOT represent all Canadians.   They are Authoritarian scum.   #cdnpoli #onpoli URL
567,"#Ford's attorney says she's receiving death threats and has had to move her family to safety"". Where's the proof that #Democrats #Antifa are not doing this to promote this circus?"""
568,"#MAGA #KAG2018 U.S. becomes EUâ€™s top supplier of soybeans, strengthening President Trumpâ€™s trade deal - URL"
569,#scottgimple ruined #TheWalkingDead and now he is doing the same to #FearTWD . Hope the checks cash forever because he should never get another job. #AMC
570,#PNP. Results are not out yet for the PNP Vice Presidential race. Those supporting Damion Crawford feel comfotable that he is in.
571,#BetoORourke Continues Attack on @USER Pushes for #GunControl @USER URL
572,Another season for Tom Brady to give it to these niggas
573,"#WCW goes to my beautiful and sexy @USER Without you I would be lost, you have brought me from the dark and into the light and you are my world. Love you so much. URL"
574,#WeLoveShawnBecause he is the reason we the whole #MendesArmy smile everyday and just seeing him happy makes millions of us happier
575,",,,just giving #Antifa what they asked for. So what is the problem? URL"
576,#Chequers is chuckers. A reminder to @USER @USER ğŸ‘‡  EEA/EFTA (Norway) are ruled out. Move to CETA+++ (Canada) URL
577,@USER This is one of my favorite quotes on the internet. He is so confident that he bends maths to his will.  That's hardcore.
578,26. Biggest accomplishment? school
579,"#LifeIsButepu when you are black and can say the word nigga"". Feel me my niggas??? URL"
580,"#Emmys host #MichaelChe says that #OnlyWhitePeople #ThankJesus at award shows are #Republicans, #ExCrackheads ! #Liberals which one is the #Pope ~ #Republican or #ExCrackheads ? #EmmyAwards2018 roasted 4 mocking Middle America, ratings hit all-time low! URL"
581,#StaffPick: 'A human rights crisis': US accused of failing to protect citizens from gun violence URL
582,"#BenJones, Assistant Director of @USER at @USER Republican Party, Conservatives, and the Future of Capital Punishment. URL @USER @USER @USER @USER @USER #deathpenalty"
583,"#BREAKING: #ChristineBlasey Ford Published Eight studies about #Abortion Pill"" and Works for Company that Produces It  URL   #CorceptTherapeutics Inc.  $CORT #RU486 #Liberals  #Kavanaugh v #CORT #RoevWade #KavanaughConfirmation  @USER @USER URL"
584,#Austerity Low pay #TuitionFees  Lack of housing Wages falling #UniversalCredit Unaffordable rents #NHS crisis Crap railways Empty shops #Brexit No deal exit from EU #Windrush #Grenfell   In just 8 short years the @USER have completely fucked the UK
585,"#YehUnDinonKiBaatHai i have a special corner for people who define simplicity is the real beauty and after a long time, there is @USER among so many actresses who is personifying this in true sense.   She is just so stunning naturally.â¤ï¸ğŸ’• URL"
586,10 minutes in to Instinct and I love it #AlanCummings #Instinct #Intriguing
587,"@USER #ThoseThatAreTheLoudest are afraid, JUSTICE is coming #Bono is a scam just like the #ClintonFoundation #PedoWood #Haiti URL"
588,@USER @USER @USER @USER @USER Look no further than Chicago or Baltimore as examples of strict gun control laws NOT being effective.
589,#WeLoveSergioBecause he is a angel and is so pure and so sweet and loves and supports us as much as we love and support him not to mention he is the dancing KING in irl. Love you seg ğŸ’“ @USER URL
590,"#Republican #DevinNunes Says Liberals, Antifa Are â€˜Causing All of These Riotsâ€™ Because â€˜We're Winningâ€™ - Newsweek URL"
591,"3 days before BBC Radio 2â€™s Festival in a Day, they decide to tell us that their headline act isnâ€™t coming anymore. Thanks a lot, now Iâ€™ve paid a fortune to see a tonne of acts who are shit and who are of no interest to me ğŸ˜‘ğŸ‘ğŸ»"
592,#tytlive Trump needs to go because he is a danger to the country and the world.  Any way we can get rid of him is good
593,"#ConstitutionalDecay isnâ€™t an abstraction. It manifests in every debate where words written in 1787 fall short of providing a useful or relevant framework in 2018. Itâ€™s at the root of issues as diverse as gun control, abortion, data privacy, and healthcare. For instance, 8/"
594,"@USER #DavidHogg, you're nobody."
595,@USER And she is a sweetheart.  I hope she gets well soon. Be patient and strong Mr. Capullo.
596,"#BBCbias   #wato   Conservatives built more than twice as much council housing as Labour, who wrecked the economy and almost bankrupted the country ! URL"
597,@USER Chicago's gun control is so effective it's eliminated crime completely.  Not.
598,11:11 @USER follows me!
599,"#Room25 is actually incredible, Noname is the shit, always has been,  and Iâ€™m seein her in like 5 days in Melbourne. Life is good. Have a nice day."
600,#CNN irrationally argues 4 legalising #abortion in #Ireland based on the murder of an infant in 1984. #Liberals can't think #Savethe8th #8thAmendment #8thref #ccot #PJNET #tcot URL #BlueWave #conservatives #teaparty #LovethemBoth Don't #Repealthe8th URL
601,"28, 27, 25 and 21 but like,, itâ€™s still really miserable and unpleasant for us?? And like they even told me how they werenâ€™t happy and would have got divorced before I was even born so Iâ€™m like cool cool I was literally born into hatred thatâ€™s awesome no wonder Iâ€™m such a fuckup"
602,"#RosieRules #FanClub  Rosie: â€œNever fails. No matter where I go or where Mom takes me, the fan club starts to follow. Mom pets and talks to all of them so they think she is pretty cool. Wait til they figure out it is Dad who has mints in his pockets ğŸ˜‚â€ URL"
603,@USER @USER Awe cute he is cute
604,"#VaginalDavis is a radical performer, educator, and artist who embraces life at the margins of multiple identities. She is an intersex â€œterrorist dragâ€ queen of Black Creole, Mexican, and German Jewish roots born in Los Angeles, CA sometime around the 60s!"
605,@USER @USER She is literally everything ğŸ‘ğŸ¼ğŸ‘ğŸ¼ğŸ‘ğŸ¼ğŸ‘ğŸ¼ğŸ‘ğŸ¼ğŸ‘ğŸ¼
606,@USER Ah it's a she and she is called George ğŸ…ğŸ…ğŸ…ğŸ…ğŸ…ğŸ…
607,"#MyUniqueHeritage  I have a separate family tree just for personalities, but I havenâ€™t made it past my mom yet."
608,"#WednesdayWisdom #loveLibraries #Lovetoread Share with us, what you are reading this Wednesday? URL"
609,"#DeSantis=DeRacist, as bad a choice as he is, he â€œdistancedâ€ himself from the Prezâ€™s comments today questioning any deaths in Puerto Rico from Hurricane Maria @USER @USER #whataputz"
610,@USER #Google is awesome
611,"#Kavanaugh #ProfessorChristineFord This started a story he said, she said. Now it's become Liberals vs Conservatives URL"
612,"#Groomhaircuts : Hmmn hm, nutten nuh change, but the #Weather..    #LastLeg..#WaveCuts #YouthCuts #StraightRazors #SnipğŸ’‡ğŸ¤µğŸ¿ğŸ¤µğŸ¼ğŸ¤µğŸ¿ğŸ¤µğŸ½ğŸ’†ğŸ”¥ğŸ”¥ #GroomğŸ‡¯ğŸ‡²ğŸ“² #7sBarbershop #SouthOrangeVillage URL"
613,0-1 lost my acca on the first fucking fight cba
614,@USER @USER I'll use that one the next time im in a gun control debate or in a debate about free speech or taxes. Yes you can choose to be irresponsible or choose not to be. I argue responsible. Whats wrong with that? Don't justify murder by saying it was never alive or its my right.
615,@USER @USER Who the hell does he think he is?
616,@USER @USER @USER She is just nasty
617,#LiberalismIsAMentalDisorder #Hypocrites #DemocratsHateAmerica #DemocratsAreDangerous EVERYTHING LIBERALS TOUCH TURNS TO ABSOLUTE SHIT. URL
618,#WednesdayWisdom Extreme weather and road conditions make driving dangerous and stressful.  Please be safe if you are effected by the #HurricaneFlorerence #SafetyFirst
619,...veer left by the old church...
620,#HurricanceFlorence she is on her way... #praywithoutceasing
621,#ANTIFA grueling training! Goes much better in the video game.ğŸ¤£ URL
622,"$69.64 - Best Price Asmodee Board Game, Various  URL"
623,#NICKIDAGOATğŸ˜¤â¤ï¸â¤ï¸â¤ï¸ she is!!!
624,@USER He is good at getting to the truth.
625,#NOWPLAYING Interview with Monique Rochon she is starring in â€œPulpit Secretsâ€ on September 22 at Landis Theater in Vineland Listen at URL #TheLounge
626,#NBA2KFreeAgent We are looking for a 3rd member for our Crew. We donâ€™t have good records but only reason is due to having random teammates. Hmu if you are interested. 86 Pure Slasher PG and a 85 Pure Sharp SG.
627,"#shugurrgiveaway here is craig, he is wearing a swag PARTY HAT. Thank you shugurr for being such an inspiration to me and helping me realize I LOVE art. You're the best!"
628,"#Hollywood #Liberals have been threatening this since Reagan, Bush, W. Bush and now Trump. But none of you have made the move. #EmptyThreats Michael Moore says he'll move to #Canada if new film leads to trouble"" URL"
629,88% of these niggas have podcasts and YouTube channels dedicated to this and shit ainâ€™t getting solved so URL
630,*smexy was at the beach in a long chair asleep with a cigarette and wine in his hands* #openRp
631,"@USER He is only pandering to the HRC crowd, BLM, and ANTIFA. Yeah, thatâ€™s really who Texas needs in office. God bless Texas! #VoteRedNov6"
632,Anytime I randomly bust out laughing itâ€™s because I remembered some dumb shit Albria said ğŸ˜­ğŸ˜­
633,"#ClimatChange ticks conservatives off. It is hard on their belief system. A rain of toadstools or locusts, no problem. This much Actual rain, unbelievable. Good article full of quotes. It's not my words. URL via @USER URL"
634,@USER @USER ğŸ˜‚ You do not like the Jewish people because you ALL claims they are holding all the money. Sound familiar? Your left wing libtard  family is the family of the KKK. You do not hate Jews? Thatâ€™s funny. Gun control; even funnier. Good luck
635,"#MAGA  READ: George Conway Calls Out Donald Trumpâ€™s â€˜Ceaseless, Shameless, and Witless Prevarication on Virtually All Topicsâ€™ URL via @USER      @USER"
636,@USER @USER there she is
637,5k Bitches ğŸ‰ğŸ’™
638,#Liberals always up to dirty tricks to get their way. ğŸ‘‡ğŸ‘‡ URL
639,#Conservatives are more upset about #bertenernie being #gay than having a #sexualpredator in the @USER a hooker as @USER and a #rapist as #supremecourtjustice
640,#Antifa protest in #Athens for the 5 years after the murder of Pavlos Fyssas by Golden Dawn.  Their voters are complicit to their crimes. #KillahP URL
641,"#I #am #being #abused. #Sit #here, #wait #here, #maybe #we #will #change #your #future, #you #are #not #going #to #get #a #ticket, #but #we #were #evaluating #it. Date, 11.09.18. What I was writing on when my account was disabled by Instagram. The whole text is in comment field. URL"
642,#Kavanaugh  John Fund: Kavanaugh and Ford controversy â€“ It's 1991 all over again and even some honest liberals are upset   URL
643,@USER Gun control takes guns out of law abiding citizens thatâ€™s it
644,"#antifa #Resist.. Trump is trying to bring world peace, not obstruct like the democrats..  is this good for you also? or haters gonna hate? URL"
645,@USER @USER She is an advocate and model for natural beauty.
646,#MAGA #KavanaughConfirmationHearings postponing votes WELL LETS DO THE SAME OPEN THE HUSH FUND BOOKS NOW URL
647,#TickTock If she is not formally charged for mishandling sensitive material we will have no choice but to release proof that she is guilty of high treason against the United States for selling patented military secrets to the Saudi Arabian government. URL
648,"#BacktheBlue.  Jeff Sessions: â€˜Listen To The ACLU, Antifa, Black Lives Matterâ€™ If You Want More Chicago Shootings URL via @USER"
649,"#Conservatives just like old #Garbage bags blowing in the wind, here's an old garbage bag now... URL"
650,"#TipOfTheDay If you are giving #coffee as a gift / part of a gift, make sure to ask for an airtight container or valve-sealed bag. The tin-ties are cute but won't preserve the coffee past a week.  Join our mailing list for more tips, facts, and coffee news URL URL"
651,#Arizona #Tennessee  #Alaska #SC  As soon as these RINOS (aka liberals) are up for reelection vote them out!   #DrainTheSwamp ğŸ’¥ URL
652,#Affirmativeaction to #Affirmativehate. #Altleft wants Law prof fired for pointing out poor performance of unqualified admits. URL #tcot #Conservatives #Law #Lawyers #Lawdean #LawProf #UPenn #AltLeft #Highered #ABA #HigherEducation #AcademicTwitter
653,#LisaxMichaelKors  she is soo beautifull
654,#BREAKING ITS OFFICIAL! @USER music video for #GTFO has just reached 2 MILLION views on YouTube AND she is still #1 on the US itunes Music Video Charts! Keep streaming #lambs ğŸ¦‹ URL
655,#VijayMallyaCase @USER you are usually good credible anchor but I heard you interpreting malliyas statement on your s and others too he said i met and talk of settlement only while you said maliya said he is leaving for london please contact in on live tv
656,#Aurora #IL #KaneCty please keep looking for and sharing this sweetheart named Rosey.  She is a little White and Tan Chihuahua that is terribly missed.  If you see her call 630-360-7325 right away! URL
657,#Bakersfield is why we need gun control! Sorry for the victims other than the gunman himself I hope he rots in hell!
658,"#Believe I'm going to teach you ways to create your own exclusive, online 'traffic economy' so you are never in short supply of qualified prospects and sales again URL URL"
659,"#Trump is going to visit victims of #HurricaneFlorence. #Antifa is planning a rally. In the meantime, they will party. Boats and Bros""  #antifascist #MAGA #KAG #WWG1WGA #GreatAwakening #QAnon #QArmy #FlorenceAftermath #FlorenceNC #NorthCarolina URL"
660,#Denver's venues are STACKED with epic shows this #fall ğŸ¶ğŸ We have put together a Fall Music Guide on URL   to help you pick all the shows you are going to hit this season - Check it out! URL
661,#SundayFunday ğŸ˜ğŸ‘ŒğŸ¼ Go check out my girl thecanncierge because she takes bomb photos and drops a hell of a lot of #cannabis knowledge! She is the canncierge after all ğŸ˜‰ Iâ€™m just a pot stockâ€¦ URL
662,4chan is Hunting Antifa URL via @USER
663,#HonourSacrificeBoycottMatch I hope d human rights rats r happy!hope Sidhu is happy!  I hope d liberals r happy! Letâ€™s play cricket wth thm letâ€™s thank thm 4 wht they r doing 2our soldiers Letâ€™s celebrate our impotence funny a piddly little nation like pak is taking us 4 a ride
664,"#WomenWednesday: Meet multiple-award-winning designer @USER BFA 82. She is the in-demand @USER grad is behind @USER recent redesign: URL    Lacava, centre, is pictured with classmates at #Concordia in 1981. #CUalumni URL"
665,#ConfirmKavanaugh âœ… #Kavanaugh #SCOTUS #POTUS45 #PresidentTrump #AmericaFirst #MAGA#KAG ğŸš«Anti #Trump liberal activist Accuser  #Ford makes accusation but  not willing to be subject 2 B question? Suffer the consequence of filing a false charge #LockHerUp  URL
666,Anal stimulation URL
667,"#Resist traitors caught on video breaking our laws to further their #Communist #Socialism ways and slow down the #Trump agenda. They are the DC Chapter of Democrat Socialists of America. Forget anTifa, that is a distraction from the real Resistance. #MAGA  URL"
668,#NuevaFotoDePerfil Pic by: @USER  You are awesome! URL
669,#SerenaWilliams making that 0-2 start to this 1st set look like ancient history with how she is  playing now..#USOpen
670,"#WCE is the love of my life, she is the best thing that has ever happened to me she's not only my girlfriend but she's also my best friend i know you had alot of heart breaks baby but i won't break your heart. @USER P.S Yes i cropped R-Truth out. ğŸ˜‚ URL"
671,"#Celebrities Bekah Martinez Is Pregnant! The Bachelor Star Expecting First Child with Boyfriend Grayston: Bekah Martinez has a whole new realityÂ â€” she is going to be a mom! The Bachelor contestant, 23, .. via URL URL URL"
672,#GreatAwakening #QAnon #PatriotsUnited #WWG1WGA #AreYouAwake  WHEN YOU ARE AWAKE YOU SEE CLEARLY â¤ï¸ğŸ§¡ğŸ’›ğŸ’š  Check out this video URL URL
673,#Florence looks like she is getting ready to explode. Notice the eye starting to reappear. URL
674,Alex Jones be smokin be dicks out here but mans really got supporters out here ğŸ˜‚
675,#bbnaija when we told u she is a child of grace we meant it we are busy no time to famz anybody #teamceec URL
676,"#ChristineBlaseyFord was grinding #Kavanaugh at a party almost 40yrs ago.....You gotta love the age, of this ridiculous #MeToo movement   Just swear #Kavanaugh in already and get this over with, before #liberals have an anxiety attack like 11/8/16 URL"
677,#ChooseCruz  let CA and NY  have the LIBERALS  #DontCAmyTEXAS URL
678,*109. Celine_SwittinS Follback Erza_Jullian #OpenfolbackCeline_SwittinS
679,"#CoryBooker is not a hero, he is an American traitor and should be treated as such. Arrest, prosecute, and  carry out sentence. #KavanaughConfirmation URL via @USER"
680,#Conservatives thanks to Tory doctrinaire policies we are all going back in time and losing hard one benefits and prosperity. Go forward with our EU partners URL
681,100 Round Goon Bitch Is You Kiddin MeğŸ¤£
682,#HurricaneFlorence is producing up to 40in of RAIN. Please be safe. URL
683,@USER @USER @USER Scott Gottlieb doesnâ€™t know whatâ€™s an opiod and whatâ€™s not. Heâ€™s definitely not an expert on anything. However he is a expert at reading bank statements and counting money.
684,Angels now have 6 runs. Five of them have come courtesy Mike Trout homers. Trout connects on a 3-2 pitch with runners on second and third
685,#California leads the way in gun safety. URL
686,#CommunistNewsNetWork's rented lips @USER why are you never ever seen protesting and demanding Gun Control on the streets of Chicago?    #LiberalsHateAmerica URL
687,"@USER   This blow hard was going to push this for his votes. Bad enough his names on it, it will always be the Tappanzee  Bridge to us NYrs who had no say in it. I hope they investigate why this was going to be opened and risk lives and no one knew it wasn't ready.ğŸ’© URL"
688,#PatriotsUnited #PatriotsEffectingChange #Patriot #MAGA #Trump #TrumpsSuperElites #thestorm #GreatAwakeningWorldwide #QANON #WWG1WGA   Law abiding citizens. We have a right to defend ourselves. Fight fire ğŸ”¥ with fire ğŸ”¥  Antifa article shows us how. Read ğŸ‘‡ URL
689,"#SundayShoutOuts to @USER because.... Because she is amazing and has my boundless support and endless appreciation for her support in return, it's just a loop of love and respectâ€¦ URL"
690,@USER #MoreBS = MORE #BARRYSOETOROBULLSHIT
691,"#tytlive OMG how can a Latino faith based woman think that Trump is Christian.  Wow, he is the poster child for immorality and hating Latinos"
692,#2A. The stuff some of these people say amazes me. They do not get we already have gun control. Take a look at what happens to all the people arrested on gun charges each weekend in Chicago. Most of them are given a slap on the wrist. #NRA URL
693,#Conservatives are always revolting URL
694,@USER @USER @USER @USER @USER @USER That's not what I said. The vast majority of US leftists support gun control. But it's not inherently a left wing policy. Many revolutionary socialists and anarchists don't support aggressive gun control because they believe the working class should be armed for self-defense.
695,#Democrats and #Liberals accuse #BrettKavanaugh and have no proof!! Meanwhile they supported #TedKennedy in his run for @USER and called him the lion of the Senate and he killed a woman. #wednesdaywisdom #news #trump URL
696,@USER #Google as a fellow Goggler I must say election night 2016 was one of the greatest nights of my life! Watching libs and Hillary supporters especially media still has me laughing! You alls pain and tears brought me great joy! #ThankYou
697,#BESTPOTUSEVER #LOVEMYPRESIDENT #MAGA #BRILLIANT #WINNING #MASTERNEGOTIATOR @USER thank you! URL
698,@USER #Carrey is a #pervert himself!
699,"#Angel_Dad: If Lawmakers Really Cared About Citizens, They Would Secure the Border URL via @USER URL"
700,An American Tail really is one of the most underrated animations ever ever ever. Fuck I cried in this scene
701,@USER nigga are you stupid your trash dont play with him play with your bitch ğŸ˜‚
702,#NoOneAskMe But here's my opinion #offset keeping this beef up between #cardiB and @USER he know Cardi slow and believe everything he says.. She is his meal ticket. I just think #offset need to sit his ugly ass down.
703,#ICYMI - Liberals' Favorite Myth That Obama Was a Law Professor Is Now Destroyed?! URL
704,#JoyfulGlitz#Younique#Blessed#MomLife URL
705,"#HaveYourSay: If you live in #Garston, Jane wants to hear your views on the location of a new Community Police Station. She is proposing to open a new accessible community base in the South Liverpool NHS Treatment Centre on Church Road. What do you think?  URL URL"
706,#Seek the LORD while you can find Him  Call on Him now while He is near  Isaiah 55:6  #God #waiting for you to come into His Kingdom  #JesusIsCalling to give you new #life  #repentance for #forgiveness #salvation from sin #Satan #EuropaAfricaUs #pray #TrustGod #believe
707,"#Repost @USER with get_repost ãƒ»ãƒ»ãƒ» Happy 34th to the one and only Prince Harry, The Duke of Sussex. ğŸ¥‚ He is such a grounded, compassionate guy, taking after his mother, and Iâ€™mâ€¦ URL"
708,"@USER is as complete of a person as I've ever met. I don't know what will happen after pro football, but he can do a lot of special things in life. He is what you want a Duke football player to be, no if, ands or buts about it,"" @USER URL"
709,"#Spending. Don't speed all of your money. If you are not saving atlest 15%  of what you earn,  start today.  Look at your income and expenses, find out where you can start to cut back and get 15% you save."
710,"#Jenelle wants the world to know she is in a bikini. Oh, and to pray for NC. ğŸ˜’ URL"
711,@USER To demonstrate how wholly incapable of carrying a thought to its logical conclusion she is?
712,#UglyIsTheNewPretty ğŸ’œğŸ’œğŸ’œ Don't let ppl tell you how to look or how to be! The ultimate power is projecting yourself and laughing at the projections of others YOU ARE AN ACTOR IN THE PLAY OF LIFE ITS JUST A RIDE WHAT ARE YOU SO AFRAID OF?ğŸ¤” URL
713,@USER #MAGA who cares about the farm.  He had no reason to commit murder. End of story.
714,@USER @USER @USER @USER Go with @USER Jeans. I've been wearing Wranglers over 25 yrs now. Ever since I found Levis contributed  heavily to Gun Control Groups &amp; Gun Grabbing Politicians back in the 1990s.
715,#FeelsGoodGirl @USER @USER  you should be proud at her she is amazing in gambit URL
716,@USER I guess thatâ€™s where swamp ass originated
717,#MAGA #Qanon #GreatAwakening #inners #WWG1WGA #NowComesThePain #WalkAway #GoodbyeDemocrats   McCabe and Strzok Caught Destroying Evidence During Final Days at FBI; â€œHuber is Running a Grand Juryâ€ URL
718,"#Conservatives arenâ€™t #afraid of #AnitaHill #redux: They know #power matters more than #truth: #Republicans arenâ€™t worried the #Kavanaugh #hearing will #backfire, because in 2018 the #facts almost donâ€™t matter URL #news #GOP #Trump #Liars #PostTruth #SOCTUS"
719,#Brexit Deal Has Been Reached with #EU?!  Hold onto your hats!  #HardBrexit #BrexitDeal #ChequersDeal #ChuckChequers #MBGA #MEGA #MCGA #MAGA #Conservatives #Patriots #MayOut #MayMustGo URL
720,*a reminder that david harcourt's 1972 classic EVERYONE WANTS TO BE FUEHRER: A HISTORY OF NATIONAL SOCIALISM IN AUSTRALIA AND NEW ZEALAND is avail as a pdf: #antifa #auspol #FCKNZS URL
721,@USER @USER Titty.
722,"*soc OC dom manapun, up for a plot? foto hanya penanda faceclaim. URL"
723,"#TEXAS  Wake up! A Socialist is mesmerizing the weak-minded in your state!  YOU ARE **TEXAS** FOR CRYING OUT LOUD!  Of all the places that embody the American Spirit of Individual Freedom, TEXAS IS THE STANDARD BEARER  Make a damn stand for your GREAT Senator @USER  #SaveTexas URL"
724,#pastramicity I'm so sad that I hadn't found Sky sooner now he is doing music which is still amazing
725,#WCW my Zamalek.Zamo!Mapholoba!She was my first friend in Uni upto today she is still my muntu!I love you Pholobs! 8 years strong! @USER   â¤ï¸â¤ï¸â¤ï¸ URL
726,#ProudFathersWithRTG He / she is on the way cnt wait...hope God will mke it hppn.....
727,"@USER ...and how very irrelevant.   But if they didn't find weed, they would have dug up an 8th grade picture of him wearing a hoodie and talk about what a thug"" he is."""
728,"#Chequers is dead. D.e.a.d. Time to move on. #SuperCanada has been offered and we should take it.  Time for the @USER to face the fact, retire Mrs May and appoint a new leader, probably @USER"
729,"#Auspol Flawed though they were in many ways as individuals , Our  Labor PMs have always battled on and achieved a lot for the nation. Recently, apart from gun control, what have the LNP actually done _for_ the nation??  Go on, make a list. URL"
730,And she has a pet??? Fucking disgusting URL
731,"#MAGA  BREAKING NEWS:  The DNC stole their playbook from George Costanza on Seinfeld.  Now at least we know what we're up against.  DNC Rule #1:  It's not a lie, if you believe it.  WATCH: URL"
732,"#LiberalHypocrisy #TacoBell When Liberals ask why your against illegal immigration? Taco Bell Employee: No Habla Ingles!"" URL"
733,"5 years ago Antifa rapper Pavlos Fyssas surrounded by  fascists of the Golden Dawn Party in Keratsini, Athens, and stabbed to death.   Five years later WE DO NOT FORGET WE DO NOT FORGIVE  URL URL"
734,"#CollegeFootball  2021 6'7 285 DT/OL Gallatin, TN URL ""just turned 15 yrs old Aug 1st 2018"" ""Above average movement"" ""He is a Dog"" #SEC #PAC12 #BIG12 #BIG10 URL"
735,@USER @USER Then we agree. Common ground.  And I don't like the Bushes.  Particularly HW.  URL
736,#BlackInkCrewCHI lily they donâ€™t hate you....you Hate you. You are your own worst enemy cause you let your anger get in the way I legit feel like Shes one of the kids I Work with at my job
737,#JusticeForSoniasFather  Mr Usman buzdar sb! please respond to Sonia Iqbal daughter of PTI counsellor from okara whose father was killed during elections by nawaz league killers. She is saying she will commit suicide in front of media. Where is justice?
738,".@USER â€˜Listen To The #ACLU, #Antifa, #BlackLivesMatterâ€™ If You Want More Chicago Shootings URL via @USER  #Sessions"
739,@USER (((ruth porat))) another coincidence? these are NOT good people.  And now people like her are shapping the narrative by censoring search results ğŸ˜¡
740,@USER - WORST POTUS.  EVER!
741,#Conservatives have no genetic ability to understand #hypocrisy or #irony. Right wing ideology gets ya all twisted in knots. #onpoli  #Ontario  #PartyOfYesteryear  @USER  #FraudNation URL
742,(6) he got angry with me for stating I had checked the drawer and that I donâ€™t see why he is making the argument that it could still be my fault in this particular instance. #ohreally
743,"#ALDUB165thWeeksary ğŸ˜˜ @USER @USER @USER @USER @USER @USER @USER @USER  Be thankful for what you are NOW, and keep fighting for what you want to be tomorrow."
744,#OITNB. She is the worst public defender. Trailing her pen uner the words.
745,#Trademark Attorney Daniela Paull will be in Paris next week attending the 32nd Annual @USER conference - do get in touch if you are also attending and would like to set up a meeting URL #IP
746,#TIMETRAVELTHURSDAY #MAXDRIVETIMETRAVELTHURSDAY You Are #OnAirWithShine #NP Home with you  - @USER  On The #MaxDrive w.@USER the  #RadioENCHANTRESS
747,And never regretted it .. not even during our hardest times !! URL
748,#TheView #BothamJean I don't believe #AmyGuyger she is a lying pos! I live near a police station..I hope and pray a cop doesn't bust up in my house thinking it's his/hers and kills me..my God..we/people of color are police prey..we're always in police cross-hairs..no matter what
749,"#Antifa, September 22: Stop the fascist NVU in #Amsterdam! URL"
750,#BecauseOfTories we have the lowest youth unemployment since records began ğŸ‘ğŸ¼  URL
751,And thatâ€™s why you were at NYFW cause your such a class act.. getcho wack ass outta here URL
752,#MAGA #Kavanaugh #DrainTheDeepState @USER   I'd like to see @USER interviewed again. In his book ALL OUT WAR he laid out a lot that is happening today. âœ“DC Secret Resistance Society âœ“ANTIFA âœ“ A White House meeting. Be interesting to hear him 2 yrs after Bk. URL
753,"#SandraOh is dressed like the queen she is tonight! We salute you, you Canadian Goddess! Let's hope you win for #KillingEve. #EmmyAwards URL"
754,@USER WWE considers Raw the bigger show and having Ronda later in the PPV shows she is a bigger nane
755,#GreatestThingsAboutThe90s liberals werenâ€™t unhinged
756,"#StayOnYourPath #HealthQuote If you are wishing to loose fat, get back your wellbeing and slow down or reverse the aging process then check this super powerful natural method URL URL"
757,"#SomethingIsAboutToHappen And here goes his bottle on the floor, with water dripping from it.  She just snapped as he was trying to cool her down. She is pissed at something for sure.  Stay tuned."
758,#FakeNews like @USER and @USER will gloss over this today thanks to the #ChristineBlaseyFord circus act. #ConfirmJudgeKavanaughNow so we can get back to triggering liberals by talking about @USER â€˜s success. ğŸ™ŒğŸ» URL
759,"#Capitalism may be undermined by the displacement of menial laborers by #AI   should conservatives therefore inoculate themselves against knee-jerk reactionism against the notion of the living wage""?  #economics #marxism #marx #robotics #communism #socialism #socialismkills"""
760,#California Tries New Tack on #Gun #Violence : #Bullet #control - The New York Times #activist â¦@USER â¦@USER â¦@USER â¦@USER â¦@USER  URL
761,#eminem he could've gone harder but he didn't have to reason  why he is the RapGod he is one of the best lyricist in the game. Lot of people talk smack about him because they will never be him.  @USER URL
762,"#Conservatives We mus pray for liberals. They trooly kno knot watt they do. I was brot up socialist democrat, by my wonderful, but, ignorant parents. I served inda military. I learnd I can serve Christ, too. Eye reel -eyesed CONSERVATIVISM was more closely aligned w God."
763,#deplorabledregofsociety says she is joe Bidenâ€™s girlfriend. #lol #maga #redtidalwave onward #dregs URL
764,"#disarmthem #antifa Please NO ONE be stupid enough to do this. Most of us DO NOT open carry, most of us carry concealed. Anyone stupid enough to do this, that is considered an act of aggression and you will be shot We also carry more than one weapon. We shoot to kill, not maim."
765,"@USER * Puerto Rico is destroyed; more than 3,000 die * Trump visits, and throws paper rolls at people * 11 months later, Puerto Rico is still waiting for help * Trump says everything is fine, and his visit was a great success  ğŸ¤”"
766,#Beto O'Rourke talks gun control at Houston campaign events URL via @USER
767,All these sick ass ppl from school gave me something and now I have to chug down this nasty drink so it can go awayğŸ™ƒ
768,Anyone want to bet it costs more than that $50k election referendum? URL
769,#Conservatives are going to make hay out of #Trudeauâ€™s answer but the truth is thereâ€™s criminals everywhere and people who will commit heinous acts of violence. Whether theyâ€™re from Syria and have brownskin or are white Canadian born itâ€™s tragic all around. URL
770,"..While reading this, I feel like I am hearing Cardi B's voice rapping.ğŸ˜‚ URL"
771,#Conservatives are #dumberthandogshit is the central point of my tweet
772,#Season2 #scary Er while we are on the subject do you condemn Antifa and those who take Soros money? URL
773,"#Charlotte could see anywhere from 6 to 10â€ of rainfall from #HurricaneFlorence (#FlorenceNC).   Florence is NOTHING to mess around with, she is a very powerful and life-threatening major hurricane, bringing a lot... URL"
774,@USER #Rosie makes me nauseous!ğŸ¤® URL
775,#FemiNazis are Liberals so #MeToo only counts when they blame a non-Liberal man. #Bizarro  #KAG2018 â¤ï¸ğŸ‡ºğŸ‡¸ URL
776,"#Conservatives Don't like #Liberals, Because The Definition of Liberty is Different for both, For the #Conservatives Freedom means The #Freedom to #Obstruct #Impede and #Prevent #Progress in #HumanRights #CivilRights and #Society in General. To the #Liberals Freedom comes with"
777,@USER Watch ielts liz .. she is amazing
778,"#BREXIT deal HAS been reached - and will be unveiled at special summit in NOVEMBER, Has @USER sold out the #UK to the eu??? She better have not or the @USER are finished!! @USER URL"
779,"#BlackEyedPeas Tackle Gun Control, Social Justice on New Song â€˜Big Loveâ€™ URL URL"
780,@USER #Google appears to be a completely testosterone-free work environment.  #SoyBoys  #Fairyland  #HurricaneFlorence
781,#WednesdayMotivation when you are a #startup #Entrepreneur | #Boss and you and you want to salute all the other start-up Entrepreneurs doing their thing. Especially ones who lack the true insight in doing tasks that need to be done because of the law URL
782,#crazyredhead in very #angry at the #orange #cheeto  Who claims to be our #president .  She will never accept it.  Denying all the lives lost in Puerto Rico? He is a #monster #â€¦ URL
783,@USER @USER Bull crap. You know she doesn't care.  She is trying to get attention for her Presidential run.  Do you see any other Senator giving nonsense?  Nope.
784,#Congratulations Erika Ikizake who won a 7-Day MARTA Pass courtesy of MARTA and Campus Services! Keep following us for more prizes. #Staytuned #TheStateWay #GoPanthers  @USER @USER URL
785,#HurricanceFlorence God bless President Donald J Trump . Thank you for your service you are a saint.  The haters are going to hate but keep up the great work.
786,"#EuropaLeague Song the EU, cash your remaining chips in and p*ss off ğŸ‘ You've played all your cards and liberals in the U.S too.  Brexiteers and Trump takes it all so be nice eh and life'll be better for everyone.  URL"
787,69. he managed it... URL
788,@USER   God help us all
789,@USER Hillary Clinton talking about gun control. I'm sure this thread will be full of well-reasoned and data driven responses.    Oh.  Well.  Maybe not.
790,#Democrat last ditch effort to STOP #KavanaughConfirmation and to smear his good Name #Liberals trying to protect AbortionsğŸ˜¢ #Boycott36 URL
791,$1500 for a phone. You all are fucking dumb.
792,#KendallJenner looks amazing!!! Who cares if she is nude! Not everyone likes nudity for sexual desire. Some like it for the artistry in it. #me @USER Every woman on the planet has the same parts. She is just comfortable with hers. #YouGotThis
793,#Scorpio's are sure to be committed partners. Keep them satisfied in bed and you are all set.
794,"#Wisdom #Wellness I will teach you the right way to build your own private, online 'traffic economy' so you are never short of prospects and sales again URL URL"
795,"#8months and she is standing, talking , and climbing now ! URL"
796,#CreepyPornPresident  I WANT THIS TRENDING UNTIL HE IS OUT OF OFFICE URL
797,#HowToGetPeopleOutOfYourHome  Tell them that you're a vampire...then threaten to eat them if they don't get their asses out.  *shrugs*  What?  Problem?
798,@USER Fact: he lost the popular vote Fact: he and the GOP have gone their own way and ignored Democrats Conclusion: he never spoke for all America and he is the GOP and the GOP is Trumpism.  #MAGA #LiveWithIt
799,@USER @USER @USER I'm Mexican by the way and I support the gun control already in place if it means people like you don't ever touch a gun.What you are saying has nothing to do with this.
800,"#Kavanaugh The moment #BlaseyFord is exposed as a fraud, expect a new accuser to surface. Liberals are a one trick pony. #LiberalismIsAMentalDisorder"
801,"0-8 En Taller : S-2, M-5, BX-6 (20:59:35)"
802,#HIAC: Why is it this match too with Becky vs Charlotte kinda sucky so far? They are taking shots back and forth and stumbling around like a drunk version of Final Fantasy or something.
803,@USER Gul Bukhari is Gul Bukhari bcoz she is her own! Iron Lady! More Power to you ğŸ‘ŠğŸ‘ğŸ‘Œ
804,Aparently my computer doesn't want to operate at the moment. So I will upload the episodes  Individually.  Sorry for the inconvenience.
805,"#ChristineBlaseyFord / Democrats condemn conservatives for having made up their minds""  while at the same time ""having made up their minds"" to condemn Kavanaugh without question AND to vote no on Kavanaugh before the hearings URL"
806,@USER I see your point but the school shootings are extremely controversial with bickering over gun control vs gun rights. Just that the Nike controversy is the current one
807,#NunsProtest sad nobody supporting the â€œSistersâ€ the â€œmother Superiorâ€ of Christian community...is it so difficult to stand by the victim whether she is nun or ordinary victim
808,"9) Pornhub, the thoughtful people they are, are taking suggestions of more category of underserved communities and they are _____"
809,@USER @USER I agree with you. Read the first paragraph and struggled to get past the condescension. She is a lawyer with an educated opinion. There are other lawyers with differing educated opinions.
810,"#BCOG @USER she is cool, confident, cocky, and she kicks ass!!! @USER @USER @USER URL"
811,"#ProudFathersWithRTG bafethu i love how good y'all look with your kids, i hope you are supportive to them and their moms... Im truly inspired to be the best father once im a father (if i ever become one)"
812,(P2) because Hussain a.s message  is not for only the Muslims he is for the entire  Humanity . Really great message for the entire world . URL
813,#ChequersPlan What an absolute farce Brexit is. The conservatives have no idea at all and May is now totally discredited. Time for an election #ForTheMany
814,@USER oh fuck off ğŸ˜‚ğŸ˜‚
815,#LifeIsButepu when your friends dont know you are using their pics as memes on twitter... URL
816,#TheNunMovie was just as scary as I thought it would be ğŸ˜³ Clearly the critics don't think she is terrifyingly creepy. I like how it ties in with #TheConjuring series.
817,#BreakingNews:  #Trump issues a statement about Christine Blasey Ford.  See it now!  Visit URL #BlueWave2018 #BlueTsunami2018 #MAGA #Democrats #Liberals #SCOTUS @USER #Crypto URL
818,#LiberalHypocrisy #criminal #democrat #evidence #ellison #liberals #Hypocrites Keith Ellison domestic violence accuser says Democratic party doesn't believe her story  URL
819,"#Wotd - Isaiah 58:11 â€œThe Lord will guide you continually, giving you water when you are dry and restoring your strength. You will be like a well-watered garden, like an ever-flowingâ€¦ URL"
820,"#GreatAwakening  #QAnon #Resist #ImpeachTrump #Mueller #MuellerTime  liberals who liked/retweeted my post and don't know what exculpatory"" means. lol. It's a testament to their lack of interest in details.  Thanks guys!! URL"
821,"#TRUMP:  I'd be a real good witness! #JOHNDowd:  ""You are #not a good witness.  Mr. President, I'm afraid I just can't help you!""   The day following those remarks, Attorney Dowd quit!  EVERYBODY... URL"
822,#Repost @USER with get_repost ãƒ»ãƒ»ãƒ» #MOTTO â€œPR IS IN YOUR CAR!â€ (or wherever you are) Do you aspire break into the #entertainment #industry or start your own #PR #business? Do you needâ€¦ URL
823,#DemocratPartyOfDomesticTerrorists #Fascist #Antifa #FemiNazi   Don't Just #WalkAway RUN! URL
824,@USER if he is im getting turnt with the holo keef regardless
825,.@USER talks about @USER #Vyvx #Cloud Connect now offering secure and reliable connectivity to @USER Direct Connect via @USER @USER  URL URL
826,#auspol  I don't know why he is still in his job. Seriously. URL
827,#MAGA Tell me ONE good thing #trump has done as #president. I dare you! He is the worst president in history.
828,#100DaysofCode  day 10: React and Redux with @USER Montreal URL
829,#Chequers is a violation of democracy !!  #StandUp4Brexit  @USER @USER @USER  The will of the people must be respected URL
830,"#ARSYoungjaeDay HAPPY BIRTHDAY CHOI YOUNGJAE ğŸ˜­ğŸ˜­ğŸ˜­ with vocals of a god and a contagious laughter, he is the most beautiful man!!! i could never feel sad whenever i see an img of him or just a snippet of him in a video, he always brightens my day. the last img is me when i saw URL"
831,? Tickets for #htafc's away match against #WatfordFC will go on sale to supporters with 270+ Priority Points on Monday 2â€¦ URL
832,@USER u put a privileged NFL player in ur ad for 30th anniv that has sacrificed nothing he is still rich &amp;  has his life. Tom Burnett a passenger on doom flight 93 told his wife WE CAN DO IT. He &amp; others sacrificed everything! Gave their life to save others! That is everything
833,"#ConfirmKavanugh now, stall tactics are DC cronies only recourse. No more delays.  #VoteRed to end this madness and to #MAGA"
834,@USER @USER @USER @USER Beats the hell NJ out of me lol. Dude already made the assumption that I'm antifa. He even ignored all the evidence to make that assumption.
835,#StopEtchecopar? Fuck you all ğŸ–•ğŸ–•ğŸ–•ğŸ–•ğŸ–• Que florezcan mil Baby Etchecopar ğŸŒ»ğŸŒ»ğŸŒ»
836,"#Antifa invaded a memorial in recognition of Kate Steinle in Austin, Texas, and tried to comfort him it looked like when it was struggling, but has returned to the Southern District of New York, is recused from the Michael Cohen raid, Trump has my full support. Moving on ."
837,@USER Laws are for the law abiding citizens. We have the second amendment. We donâ€™t need more gun control. Criminals donâ€™t care they will use guns until the end of time! Figure out how to stop them from using guns!
838,#OnAirNow Jon Bellion - He Is The Same URL #1RSIDANCE URL
839,#Immigration Public Charge Rule has been law for 109 years U.S social safety net was designed to support U.S Citizens Not to finance foreigners lives in he U.S  #Trump #MAGA . URL via @USER
840,#Florence List:  URL  Hurricane Florence feeds ..  #Trump #MAGA central #VA    | @USER ..close-up view..excessive rainfall outlook for today through 8 a.m. Monday. Purple areas are in the highest risk. #vawx #ncwx #nrv #rke URL |
841,"#Feckless I encourage liberals and Democrats not to waste a lot of time expending the energy on trying to convince a Trump voter. We donâ€™t need them. Weâ€™re the majority."" URL via @USER"
842,"#Antifa are mentally unstable cowards, pretending to be relevant. URL"
843,#Emmys2018 Sanda Ho is not Asia America she is Canadian this description was on @USER
844,#WeLoveSergioBecause he is the sweetest guy ever! He loves us so much and I'm so happy to be his fan! URL
845,"@USER @USER I'm in NC. Thursday's I work at a nursing home doing hair. Around 10:15 I heard all of the Tv's do the alert. Then afterwards, tests on a few TV'S. I went to lunch and at 11:50, one was on the radio. It was so strange. I keep saying that, but it was unusual"
846,"I'am so sleepy.. { Bot cuddles up to  you }  { #RogueBot }"""
847,@USER @USER And Browning looked like dog shit against the same FCS school. Whatâ€™s your point?
848,"#WCW - @USER does it again with her live coverage and YouTube videos for #textureontherunway! She is the official natural hair media company of NYC, Emmy award winner and so fierce!â€¦ URL"
849,"#CTRiders Hope you are enjoying your Friday! If you're looking for a way to enjoy this nice weather this weekend, September is #ReadANewBookMonth and there is nothing like reading a new book on a patio with a nice cup of coffee :) Anyone ready anything interesting this month? URL"
850,"1) Wow, safe sex! That's hot! We love a butch top who also receives! URL"
851,"...ANTIFA men"" get themselves riled up before a big Anti Trump rally by playing the theme song from the Wonder Woman movie on repeat. Or was it Power âš¡ï¸Rangers?! ğŸ¤” URL"
852,"#BrettKavanaugh   ... but anyway, there is the matter of a replacement for Justice Kennedy here, but the bigger one is of conservatives fortifying the SCOTUS majority for decades to come against libs who are no longer hiding desire to directly attack the Bill of Rights...."
853,All two of them taste like ass. URL
854,#TEAM4THEBEEZ PLEASE SHARE THIS PUP DID NOTHING EXCEPT HIS OWNER DIED AND HE WAS #DUMPED2DIE AT SHELTER HE IS IN GRIEF FOR HIS OWNER AND TERRIFIED IN NOISY SHELTER PLEASE #NOKILLSHELTERNATION IS WHAT WE NEED BUT LETS FIND THIS POOR PUP A #HEROES2ANIMALS URL
855,#DespicableDems lie again about rifles. Dem Distorted the Law to Push Gun-Control at Kavanaugh Confirmation URL via @USER
856,#MeetTheSpeakers ğŸ™Œ @USER will present in our event OIW 2018: Finpact - Global Impact through Financial Technologies. She is Senior Advisor Group Sustainable Finance and worked on green energy and climate risk. Join us to meet Thina URL #oiw2018 URL
857,3 people just unfollowed me for talking about merlin sorry y'all im still up covinsky's ass im just waiting for a psisly sequel announcement ive run out of witty and funny tweets about tatbilb i am drained
858,"#WednesdayWisdom Antifa calls the right fascist when, in all reality, they and the left are following the same scenario as the Third Reich: indoctrination of our youth, trying to control minorities and a total lack of understanding or knowledge of history.  #WalkAway"
859,"#Kavanaugh typical #liberals , #Democrats URL"
